{"001":{"_comment":"Interacting with the pile of bricks near the left",
"name":"Sky","expression":"normal","text":"(Some papers under these bricks that are still a little legible.)"},
"002":{"name":"Sky","expression":"normal","text":"(“Company bulletin: Anyone found complaining about the rumbling under the floor and/or hearing voices of ancient spirits warning of doom will be subject to disciplinary action.”)"},
"003":{"name":"Sky","expression":"normal","text":"(“Remember, we want a happy and friendly workplace environment!”)"}}