{"001":{"_comment":"#[When you approach the first slime in the version without the intro]","name":"Sky","expression":"normal","text":"A slime? Uh-oh."},"002":{"name":"Sky","expression":"normal","text":"Wait, I think it’s just hungry! I have some Crunchy Cake in my pocket…"},"003":{"name":"Sky","expression":"normal","text":"*gives cake*"},"004":{"name":"Sky","expression":"normal","text":"(Whoa… It’s actually pretty friendly!)"},"005":{"name":"Sky","expression":"normal","text":"(I wonder what it can do…)"}}